Company Name,Home Page,Contact Page,Contact Email
"Kinetikalabs","https://www.kinetikalabs.com/","https://kinetikalabs.com/contact","contact@kinetikalabs.com"
"Pratiti Technologies Pvt Ltd.","https://www.pratititech.com/","https://pratititech.com/contact-us/","contact@pratititech.com"
"Codevian Technologies Pvt Ltd","http://codevian.com/","https://codevian.com/contact-us/","sales@codevian.com"
"Tudip Technologies Pvt. Ltd.","https://tudip.com/","https://tudip.com/contact/","info@tudip.com"
"Sphinx Solutions","https://www.sphinx-solution.com/","https://www.sphinx-solution.com/contact/","sales@sphinx-solution.com"
"Aneka Labs Private Limited","https://anekalabs.com/","https://anekalabs.com/","contact@anekalabs.com"
"EncureIT Systems Pvt Ltd","https://www.encureit.com/","https://www.encureit.com/contact-us/","sales@encureit.com"
"iB Arts Pvt. Ltd.","https://www.ibarts.in/","https://www.ibarts.co/contact-us/","info@ibarts.co"
"Siddhatech Software Services Pvt. Ltd.","https://www.siddhatech.com/","https://www.siddhatech.com/contact-us/","info@siddhatech.com"
"More places","http://www.racksonsit.com/","",""